Name,Revision,Size,Date,TAG
Bin/OFP_SR1.bin,39722,872448,08/03/2017 14:29:20,TRUNK
Bin/OFP_SR1.sm,39722,930599,08/03/2017 14:29:20,TRUNK
DisplayManager/ScadeModels/DisplayDoPeriodic.ann,39660,2703,05/03/2017 10:42:27,TRUNK
DisplayManager/ScadeModels/DisplayDoPeriodic.xscade,39660,330618,05/03/2017 10:42:27,TRUNK
DisplayManager/ScadeModels/DisplayManager.xscade,39660,53439,05/03/2017 10:42:27,TRUNK
EPCManager/ScadeModels/EPCManager.xscade,37364,130432,17/11/2016 06:32:34,3681A02-08
EPCManager/ScadeModels/HandleAlignOut.xscade,37364,229695,17/11/2016 06:32:34,3681A02-08
EVSManager/ScadeModels/EVSManager.xscade,38557,90785,17/01/2017 15:38:54,3681A02-11
EVSManager/ScadeModels/EnumToInt_EvsModeOfOperationEnum.xscade,38557,1527,17/01/2017 15:38:54,3681A02-11
EVSManager/ScadeModels/EnumToInt_EvsRoiFullFrameEnum.xscade,38123,1518,19/12/2016 05:13:37,3681A02-10
EVSManager/ScadeModels/IntToEnum_EvsRoiFullFrameEnum.xscade,38123,1947,19/12/2016 05:13:37,3681A02-10
EVSManager/ScadeModels/WriteEvsA429LabelsOut.ann,38132,9175,19/12/2016 13:22:38,3681A02-10
EVSManager/ScadeModels/WriteEvsA429LabelsOut.xscade,38336,302876,02/01/2017 07:55:35,3681A02-10
EVSManager/evsA429ParserConfig.c,38336,7274,02/01/2017 07:55:35,3681A02-10
EVSManager/evsManager.c,38557,9885,17/01/2017 15:38:54,3681A02-11
EVSManager/evsScadeAdaptor.c,38119,4003,18/12/2016 15:46:53,3681A02-10
GeneratedCode/Include/ofp_sr1_user_config.h,39562,2875,26/02/2017 13:07:24,TRUNK
GeneratedCode/Scade/AlignVideoChannels_VIDEOManager.c,39722,2755,08/03/2017 14:29:20,TRUNK
GeneratedCode/Scade/AlignVideoChannels_VIDEOManager.h,39722,1633,08/03/2017 14:29:20,TRUNK
GeneratedCode/Scade/AlsConversionFuncAutoMode_HUDManager_GlobalBrightnessManager.c,39722,5263,08/03/2017 14:29:20,TRUNK
GeneratedCode/Scade/AlsConversionFuncAutoMode_HUDManager_GlobalBrightnessManager.h,39722,3333,08/03/2017 14:29:20,TRUNK
GeneratedCode/Scade/AlsConversionFuncHighZone_HUDManager_GlobalBrightnessManager.c,39722,2500,08/03/2017 14:29:20,TRUNK
GeneratedCode/Scade/AlsConversionFuncHighZone_HUDManager_GlobalBrightnessManager.h,39722,1890,08/03/2017 14:29:20,TRUNK
GeneratedCode/Scade/AlsConversionFuncLowZone_HUDManager_GlobalBrightnessManager.c,39722,2490,08/03/2017 14:29:20,TRUNK
GeneratedCode/Scade/AlsConversionFuncLowZone_HUDManager_GlobalBrightnessManager.h,39722,1877,08/03/2017 14:29:20,TRUNK
GeneratedCode/Scade/AlsConversionFuncManualMode_HUDManager_GlobalBrightnessManager.c,39722,2968,08/03/2017 14:29:20,TRUNK
GeneratedCode/Scade/AlsConversionFuncManualMode_HUDManager_GlobalBrightnessManager.h,39722,2832,08/03/2017 14:29:20,TRUNK
GeneratedCode/Scade/AlsToOhuCmd_HUDManager_GlobalBrightnessManager.c,39722,2742,08/03/2017 14:29:20,TRUNK
GeneratedCode/Scade/AlsToOhuCmd_HUDManager_GlobalBrightnessManager.h,39722,3112,08/03/2017 14:29:20,TRUNK
GeneratedCode/Scade/AssembleCrc32_Utilities_CRC.c,39722,1462,08/03/2017 14:29:20,TRUNK
GeneratedCode/Scade/AssembleCrc32_Utilities_CRC.h,39722,1420,08/03/2017 14:29:20,TRUNK
GeneratedCode/Scade/BoolVect2Int_digital_19.c,39722,1494,08/03/2017 14:29:20,TRUNK
GeneratedCode/Scade/BoolVect2Int_digital_19.h,39722,1396,08/03/2017 14:29:20,TRUNK
GeneratedCode/Scade/BubbleSortInnerIteration_Util_int_5.c,39722,1634,08/03/2017 14:29:20,TRUNK
GeneratedCode/Scade/BubbleSortInnerIteration_Util_int_5.h,39722,1399,08/03/2017 14:29:20,TRUNK
GeneratedCode/Scade/BubbleSortSwap_Util_int.c,39722,1532,08/03/2017 14:29:20,TRUNK
GeneratedCode/Scade/BubbleSortSwap_Util_int.h,39722,1401,08/03/2017 14:29:20,TRUNK
GeneratedCode/Scade/BubbleSort_Util_int_5.c,39722,1371,08/03/2017 14:29:20,TRUNK
GeneratedCode/Scade/BubbleSort_Util_int_5.h,39722,1305,08/03/2017 14:29:20,TRUNK
GeneratedCode/Scade/Calculate818AcConfigurationByte_OHUManager.c,39722,2683,08/03/2017 14:29:20,TRUNK
GeneratedCode/Scade/Calculate818AcConfigurationByte_OHUManager.h,39722,1667,08/03/2017 14:29:20,TRUNK
GeneratedCode/Scade/Calculate818CrcForBytes8_11_OHUManager.c,39722,2667,08/03/2017 14:29:20,TRUNK
GeneratedCode/Scade/Calculate818CrcForBytes8_11_OHUManager.h,39722,2436,08/03/2017 14:29:20,TRUNK
GeneratedCode/Scade/CalculateA818Bytes39And40_OHUManager.c,39722,3559,08/03/2017 14:29:20,TRUNK
GeneratedCode/Scade/CalculateA818Bytes39And40_OHUManager.h,39722,2962,08/03/2017 14:29:20,TRUNK
GeneratedCode/Scade/CalculateA818Bytes41And42_OHUManager.c,39722,4040,08/03/2017 14:29:20,TRUNK
GeneratedCode/Scade/CalculateA818Bytes41And42_OHUManager.h,39722,3215,08/03/2017 14:29:20,TRUNK
GeneratedCode/Scade/CalculateAlsComparisionFailure_OHUManager.c,39722,1851,08/03/2017 14:29:20,TRUNK
GeneratedCode/Scade/CalculateAlsComparisionFailure_OHUManager.h,39722,2701,08/03/2017 14:29:20,TRUNK
GeneratedCode/Scade/CalculateAlsMean_OHUManager.c,39722,4204,08/03/2017 14:29:20,TRUNK
GeneratedCode/Scade/CalculateAlsMean_OHUManager.h,39722,3218,08/03/2017 14:29:20,TRUNK
GeneratedCode/Scade/CalculateAlsValidity_OHUManager.c,39722,4514,08/03/2017 14:29:20,TRUNK
GeneratedCode/Scade/CalculateAlsValidity_OHUManager.h,39722,3768,08/03/2017 14:29:20,TRUNK
GeneratedCode/Scade/CalculateAntiIceEnable_MAUManager.c,39722,1782,08/03/2017 14:29:20,TRUNK
GeneratedCode/Scade/CalculateAntiIceEnable_MAUManager.h,39722,1535,08/03/2017 14:29:20,TRUNK
GeneratedCode/Scade/CalculateArinc818ChannelsState_HUDManager_HudLogicManager.c,39722,9625,08/03/2017 14:29:20,TRUNK
GeneratedCode/Scade/CalculateArinc818ChannelsState_HUDManager_HudLogicManager.h,39722,3857,08/03/2017 14:29:20,TRUNK
GeneratedCode/Scade/CalculateCmcCommandComplete_HUDManager_MaintenanceComputerManager.c,39722,2355,08/03/2017 14:29:20,TRUNK
GeneratedCode/Scade/CalculateCmcCommandComplete_HUDManager_MaintenanceComputerManager.h,39722,3230,08/03/2017 14:29:20,TRUNK
GeneratedCode/Scade/CalculateCmcCommandEcho_HUDManager_MaintenanceComputerManager.c,39722,4769,08/03/2017 14:29:20,TRUNK
GeneratedCode/Scade/CalculateCmcCommandEcho_HUDManager_MaintenanceComputerManager.h,39722,3390,08/03/2017 14:29:20,TRUNK
GeneratedCode/Scade/CalculateComposedData_MAUManager.c,39722,2184,08/03/2017 14:29:20,TRUNK
GeneratedCode/Scade/CalculateComposedData_MAUManager.h,39722,2085,08/03/2017 14:29:20,TRUNK
GeneratedCode/Scade/CalculateCorrectionCoefficients_HUDManager_PowerScanManager.c,39722,2344,08/03/2017 14:29:20,TRUNK
GeneratedCode/Scade/CalculateCorrectionCoefficients_HUDManager_PowerScanManager.h,39722,2271,08/03/2017 14:29:20,TRUNK
GeneratedCode/Scade/CalculateCvsSplitAngle_HUDManager_SvsLogicManager.c,39722,3230,08/03/2017 14:29:20,TRUNK
GeneratedCode/Scade/CalculateCvsSplitAngle_HUDManager_SvsLogicManager.h,39722,2450,08/03/2017 14:29:20,TRUNK
GeneratedCode/Scade/CalculateCvsSplitDiscretesState_ACManager.c,39722,3524,08/03/2017 14:29:20,TRUNK
GeneratedCode/Scade/CalculateCvsSplitDiscretesState_ACManager.h,39722,2761,08/03/2017 14:29:20,TRUNK
GeneratedCode/Scade/CalculateCvsSplitRangeAccordingBaroFormat_HUDManager_SvsLogicManager.c,39722,2730,08/03/2017 14:29:20,TRUNK
GeneratedCode/Scade/CalculateCvsSplitRangeAccordingBaroFormat_HUDManager_SvsLogicManager.h,39722,2289,08/03/2017 14:29:20,TRUNK
GeneratedCode/Scade/CalculateCvsSplitRangeAccordingNVRAM_HUDManager_SvsLogicManager.c,39722,5441,08/03/2017 14:29:20,TRUNK
GeneratedCode/Scade/CalculateCvsSplitRangeAccordingNVRAM_HUDManager_SvsLogicManager.h,39722,3553,08/03/2017 14:29:20,TRUNK
GeneratedCode/Scade/CalculateCvsSplitRangeDiscreteStepChange_ACManager.c,39722,5038,08/03/2017 14:29:20,TRUNK
GeneratedCode/Scade/CalculateCvsSplitRangeDiscreteStepChange_ACManager.h,39722,3997,08/03/2017 14:29:20,TRUNK
GeneratedCode/Scade/CalculateCvsSplitRange_HUDManager_SvsLogicManager.c,39722,9708,08/03/2017 14:29:20,TRUNK
GeneratedCode/Scade/CalculateCvsSplitRange_HUDManager_SvsLogicManager.h,39722,5125,08/03/2017 14:29:20,TRUNK
GeneratedCode/Scade/CalculateCvsSplitType_HUDManager_SvsLogicManager.c,39722,2064,08/03/2017 14:29:20,TRUNK
GeneratedCode/Scade/CalculateCvsSplitType_HUDManager_SvsLogicManager.h,39722,2504,08/03/2017 14:29:20,TRUNK
GeneratedCode/Scade/CalculateDisplayMode_HUDManager_FlightManager.c,39722,7520,08/03/2017 14:29:20,TRUNK
GeneratedCode/Scade/CalculateDisplayMode_HUDManager_FlightManager.h,39722,5628,08/03/2017 14:29:20,TRUNK
GeneratedCode/Scade/CalculateDisplayedRadioAltitudeValidity_OFP.c,39722,3201,08/03/2017 14:29:20,TRUNK
GeneratedCode/Scade/CalculateDisplayedRadioAltitudeValidity_OFP.h,39722,2373,08/03/2017 14:29:20,TRUNK
GeneratedCode/Scade/CalculateEvsAvailability_HUDManager_EvsLogicManager.c,39722,2611,08/03/2017 14:29:20,TRUNK
GeneratedCode/Scade/CalculateEvsAvailability_HUDManager_EvsLogicManager.h,39722,2385,08/03/2017 14:29:20,TRUNK
GeneratedCode/Scade/CalculateEvsContrastChange_OHUManager.c,39722,2127,08/03/2017 14:29:20,TRUNK
GeneratedCode/Scade/CalculateEvsContrastChange_OHUManager.h,39722,1781,08/03/2017 14:29:20,TRUNK
GeneratedCode/Scade/CalculateEvsCvsMode_HUDManager_VideoLogic.c,39722,1762,08/03/2017 14:29:20,TRUNK
GeneratedCode/Scade/CalculateEvsCvsMode_HUDManager_VideoLogic.h,39722,1483,08/03/2017 14:29:20,TRUNK
GeneratedCode/Scade/CalculateEvsFailOnLanding_HUDManager_TestsManager.c,39722,2942,08/03/2017 14:29:20,TRUNK
GeneratedCode/Scade/CalculateEvsFailOnLanding_HUDManager_TestsManager.h,39722,3424,08/03/2017 14:29:20,TRUNK
GeneratedCode/Scade/CalculateEvsRoi_HUDManager_EvsLogicManager.c,39722,3748,08/03/2017 14:29:20,TRUNK
GeneratedCode/Scade/CalculateEvsRoi_HUDManager_EvsLogicManager.h,39722,2409,08/03/2017 14:29:20,TRUNK
GeneratedCode/Scade/CalculateEvsRs485Failures_EVSManager.c,39722,2030,08/03/2017 14:29:20,TRUNK
GeneratedCode/Scade/CalculateEvsRs485Failures_EVSManager.h,39722,2000,08/03/2017 14:29:20,TRUNK
GeneratedCode/Scade/CalculateEvsVideoModes_HUDManager_EvsLogicManager.c,39722,2914,08/03/2017 14:29:20,TRUNK
GeneratedCode/Scade/CalculateEvsVideoModes_HUDManager_EvsLogicManager.h,39722,1835,08/03/2017 14:29:20,TRUNK
GeneratedCode/Scade/CalculateFailuresAffectedByA818TxFailure_HUDManager_FailuresManager.c,39722,3994,08/03/2017 14:29:20,TRUNK
GeneratedCode/Scade/CalculateFailuresAffectedByA818TxFailure_HUDManager_FailuresManager.h,39722,3581,08/03/2017 14:29:20,TRUNK
GeneratedCode/Scade/CalculateFcsFdPriority_MAU.c,39722,5944,08/03/2017 14:29:20,TRUNK
GeneratedCode/Scade/CalculateFcsFdPriority_MAU.h,39722,4487,08/03/2017 14:29:20,TRUNK
GeneratedCode/Scade/CalculateFlsValidity_OHUManager.c,39722,3465,08/03/2017 14:29:20,TRUNK
GeneratedCode/Scade/CalculateFlsValidity_OHUManager.h,39722,3493,08/03/2017 14:29:20,TRUNK
GeneratedCode/Scade/CalculateFrameNumber_HUDManager_HudLogicManager.c,39722,1784,08/03/2017 14:29:20,TRUNK
GeneratedCode/Scade/CalculateFrameNumber_HUDManager_HudLogicManager.h,39722,2484,08/03/2017 14:29:20,TRUNK
GeneratedCode/Scade/CalculateGenericPriority_MAU.c,39722,3599,08/03/2017 14:29:20,TRUNK
GeneratedCode/Scade/CalculateGenericPriority_MAU.h,39722,2085,08/03/2017 14:29:20,TRUNK
GeneratedCode/Scade/CalculateGpsArincInputAvailability_GPSManager.c,39722,1920,08/03/2017 14:29:20,TRUNK
GeneratedCode/Scade/CalculateGpsArincInputAvailability_GPSManager.h,39722,2763,08/03/2017 14:29:20,TRUNK
GeneratedCode/Scade/CalculateHudConfirm_HUDManager_HudLogicManager.c,39722,3298,08/03/2017 14:29:20,TRUNK
GeneratedCode/Scade/CalculateHudConfirm_HUDManager_HudLogicManager.h,39722,2766,08/03/2017 14:29:20,TRUNK
GeneratedCode/Scade/CalculateIrsArincInputAvailability_IRSManager.c,39722,1933,08/03/2017 14:29:20,TRUNK
GeneratedCode/Scade/CalculateIrsArincInputAvailability_IRSManager.h,39722,2798,08/03/2017 14:29:20,TRUNK
GeneratedCode/Scade/CalculateMaintenanceOn_HUDManager_MaintenanceComputerManager.c,39722,3491,08/03/2017 14:29:20,TRUNK
GeneratedCode/Scade/CalculateMaintenanceOn_HUDManager_MaintenanceComputerManager.h,39722,3127,08/03/2017 14:29:20,TRUNK
GeneratedCode/Scade/CalculateMask_BasicIO.c,39722,1615,08/03/2017 14:29:20,TRUNK
GeneratedCode/Scade/CalculateMask_BasicIO.h,39722,1343,08/03/2017 14:29:20,TRUNK
GeneratedCode/Scade/CalculateMauPrimaryData_MAUManager_192.c,39722,17376,08/03/2017 14:29:20,TRUNK
GeneratedCode/Scade/CalculateMauPrimaryData_MAUManager_192.h,39722,13590,08/03/2017 14:29:20,TRUNK
GeneratedCode/Scade/CalculateMauPrimaryData_MAUManager_201.c,39722,17376,08/03/2017 14:29:20,TRUNK
GeneratedCode/Scade/CalculateMauPrimaryData_MAUManager_201.h,39722,13590,08/03/2017 14:29:20,TRUNK
GeneratedCode/Scade/CalculateMauPriorities_MAU.c,39722,7918,08/03/2017 14:29:20,TRUNK
GeneratedCode/Scade/CalculateMauPriorities_MAU.h,39722,2769,08/03/2017 14:29:20,TRUNK
GeneratedCode/Scade/CalculateMauSecondaryData_MAUManager.c,39722,6803,08/03/2017 14:29:20,TRUNK
GeneratedCode/Scade/CalculateMauSecondaryData_MAUManager.h,39722,3284,08/03/2017 14:29:20,TRUNK
GeneratedCode/Scade/CalculateMauTimeAndDate_MAUManager_112.c,39722,4093,08/03/2017 14:29:20,TRUNK
GeneratedCode/Scade/CalculateMauTimeAndDate_MAUManager_112.h,39722,2575,08/03/2017 14:29:20,TRUNK
GeneratedCode/Scade/CalculateOhuBrightnessChange_OHUManager.c,39722,2081,08/03/2017 14:29:20,TRUNK
GeneratedCode/Scade/CalculateOhuBrightnessChange_OHUManager.h,39722,1695,08/03/2017 14:29:20,TRUNK
GeneratedCode/Scade/CalculateOhuConfigNotCompatibleFailure_HUDManager_TestsManager.c,39722,3984,08/03/2017 14:29:20,TRUNK
GeneratedCode/Scade/CalculateOhuConfigNotCompatibleFailure_HUDManager_TestsManager.h,39722,2449,08/03/2017 14:29:20,TRUNK
GeneratedCode/Scade/CalculateOhuToggle_OHUManager.c,39722,1958,08/03/2017 14:29:20,TRUNK
GeneratedCode/Scade/CalculateOhuToggle_OHUManager.h,39722,1810,08/03/2017 14:29:20,TRUNK
GeneratedCode/Scade/CalculatePhaseOfFlight_HUDManager_FlightManager.c,39722,19540,08/03/2017 14:29:20,TRUNK
GeneratedCode/Scade/CalculatePhaseOfFlight_HUDManager_FlightManager.h,39722,9100,08/03/2017 14:29:20,TRUNK
GeneratedCode/Scade/CalculateRadaltOutputs_RADALTManager.c,39722,2301,08/03/2017 14:29:20,TRUNK
GeneratedCode/Scade/CalculateRadaltOutputs_RADALTManager.h,39722,2971,08/03/2017 14:29:20,TRUNK
GeneratedCode/Scade/CalculateRotationMatrix_HUDManager_PowerScanManager.c,39722,3484,08/03/2017 14:29:20,TRUNK
GeneratedCode/Scade/CalculateRotationMatrix_HUDManager_PowerScanManager.h,39722,2081,08/03/2017 14:29:20,TRUNK
GeneratedCode/Scade/CalculateSpeedLimitScale_HUDManager_FlightManager.c,39722,8819,08/03/2017 14:29:20,TRUNK
GeneratedCode/Scade/CalculateSpeedLimitScale_HUDManager_FlightManager.h,39722,7654,08/03/2017 14:29:20,TRUNK
GeneratedCode/Scade/CalculateStickBrightnessCommand_STICKManager.c,39722,2164,08/03/2017 14:29:20,TRUNK
GeneratedCode/Scade/CalculateStickBrightnessCommand_STICKManager.h,39722,1833,08/03/2017 14:29:20,TRUNK
GeneratedCode/Scade/CalculateStickFailures_STICKManager.c,39722,4270,08/03/2017 14:29:20,TRUNK
GeneratedCode/Scade/CalculateStickFailures_STICKManager.h,39722,3555,08/03/2017 14:29:20,TRUNK
GeneratedCode/Scade/CalculateStickStbyOnCommand_HUDManager_VideoLogic.c,39722,2346,08/03/2017 14:29:20,TRUNK
GeneratedCode/Scade/CalculateStickStbyOnCommand_HUDManager_VideoLogic.h,39722,1838,08/03/2017 14:29:20,TRUNK
GeneratedCode/Scade/CalculateSystemState_HUDManager_StatesModesManager.c,39722,8364,08/03/2017 14:29:20,TRUNK
GeneratedCode/Scade/CalculateSystemState_HUDManager_StatesModesManager.h,39722,5559,08/03/2017 14:29:20,TRUNK
GeneratedCode/Scade/CheckAutoBrightnessKnobChange_HUDManager_GlobalBrightnessManager.c,39722,2117,08/03/2017 14:29:20,TRUNK
GeneratedCode/Scade/CheckAutoBrightnessKnobChange_HUDManager_GlobalBrightnessManager.h,39722,2040,08/03/2017 14:29:20,TRUNK
GeneratedCode/Scade/CheckAutoNuc_HUDManager_EvsLogicManager.c,39722,3173,08/03/2017 14:29:20,TRUNK
GeneratedCode/Scade/CheckAutoNuc_HUDManager_EvsLogicManager.h,39722,2155,08/03/2017 14:29:20,TRUNK
GeneratedCode/Scade/CheckBrightnessActualMode_HUDManager_GlobalBrightnessManager.c,39722,3545,08/03/2017 14:29:20,TRUNK
GeneratedCode/Scade/CheckBrightnessActualMode_HUDManager_GlobalBrightnessManager.h,39722,3605,08/03/2017 14:29:20,TRUNK
GeneratedCode/Scade/CheckBrightnessCommandLoopAck_HUDManager_GlobalBrightnessManager.c,39722,2939,08/03/2017 14:29:20,TRUNK
GeneratedCode/Scade/CheckBrightnessCommandLoopAck_HUDManager_GlobalBrightnessManager.h,39722,3560,08/03/2017 14:29:20,TRUNK
GeneratedCode/Scade/CheckDeployedStawedFailure_OHUManager.c,39722,2023,08/03/2017 14:29:20,TRUNK
GeneratedCode/Scade/CheckDeployedStawedFailure_OHUManager.h,39722,2770,08/03/2017 14:29:20,TRUNK
GeneratedCode/Scade/CheckDisplayKeepAlive_HUDManager_TestsManager.c,39722,2212,08/03/2017 14:29:20,TRUNK
GeneratedCode/Scade/CheckDisplayKeepAlive_HUDManager_TestsManager.h,39722,2910,08/03/2017 14:29:20,TRUNK
GeneratedCode/Scade/CheckDisplayModeChange_STICKManager.c,39722,2846,08/03/2017 14:29:20,TRUNK
GeneratedCode/Scade/CheckDisplayModeChange_STICKManager.h,39722,3044,08/03/2017 14:29:20,TRUNK
GeneratedCode/Scade/CheckEvsContrastChange_HUDManager_VideoLogic.c,39722,2630,08/03/2017 14:29:20,TRUNK
GeneratedCode/Scade/CheckEvsContrastChange_HUDManager_VideoLogic.h,39722,2035,08/03/2017 14:29:20,TRUNK
GeneratedCode/Scade/CheckEvsContrastData_OHUManager.c,39722,2816,08/03/2017 14:29:20,TRUNK
GeneratedCode/Scade/CheckEvsContrastData_OHUManager.h,39722,1997,08/03/2017 14:29:20,TRUNK
GeneratedCode/Scade/CheckEvsModeControl_HUDManager_EvsLogicManager.c,39722,3184,08/03/2017 14:29:20,TRUNK
GeneratedCode/Scade/CheckEvsModeControl_HUDManager_EvsLogicManager.h,39722,3043,08/03/2017 14:29:20,TRUNK
GeneratedCode/Scade/CheckFLSData_HUDManager_GlobalBrightnessManager.c,39722,2660,08/03/2017 14:29:20,TRUNK
GeneratedCode/Scade/CheckFLSData_HUDManager_GlobalBrightnessManager.h,39722,3012,08/03/2017 14:29:20,TRUNK
GeneratedCode/Scade/CheckFrameNumberSequence_VIDEOManager.c,39722,2386,08/03/2017 14:29:20,TRUNK
GeneratedCode/Scade/CheckFrameNumberSequence_VIDEOManager.h,39722,2741,08/03/2017 14:29:20,TRUNK
GeneratedCode/Scade/CheckGlobalBrightness_OHUManager.c,39722,2914,08/03/2017 14:29:20,TRUNK
GeneratedCode/Scade/CheckGlobalBrightness_OHUManager.h,39722,1980,08/03/2017 14:29:20,TRUNK
GeneratedCode/Scade/CheckLabelInfoValidity_BasicIO_A429.c,39722,1690,08/03/2017 14:29:20,TRUNK
GeneratedCode/Scade/CheckLabelInfoValidity_BasicIO_A429.h,39722,1539,08/03/2017 14:29:20,TRUNK
GeneratedCode/Scade/CheckMauAlignCrc_MAUManager.c,39722,3390,08/03/2017 14:29:20,TRUNK
GeneratedCode/Scade/CheckMauAlignCrc_MAUManager.h,39722,2643,08/03/2017 14:29:20,TRUNK
GeneratedCode/Scade/CheckMauInterfaceValid_MAUManager.c,39722,1813,08/03/2017 14:29:20,TRUNK
GeneratedCode/Scade/CheckMauInterfaceValid_MAUManager.h,39722,2515,08/03/2017 14:29:20,TRUNK
GeneratedCode/Scade/CheckOhuRange_HUDManager_GlobalBrightnessManager.c,39722,2024,08/03/2017 14:29:20,TRUNK
GeneratedCode/Scade/CheckOhuRange_HUDManager_GlobalBrightnessManager.h,39722,1639,08/03/2017 14:29:20,TRUNK
GeneratedCode/Scade/CheckStickBrightnessChange_STICKManager.c,39722,2850,08/03/2017 14:29:20,TRUNK
GeneratedCode/Scade/CheckStickBrightnessChange_STICKManager.h,39722,3011,08/03/2017 14:29:20,TRUNK
GeneratedCode/Scade/CheckSvsDatabaseIntegrityStatus_SVSManager.c,39722,2030,08/03/2017 14:29:20,TRUNK
GeneratedCode/Scade/CheckSvsDatabaseIntegrityStatus_SVSManager.h,39722,1893,08/03/2017 14:29:20,TRUNK
GeneratedCode/Scade/CheckSvsIsInitializing_HUDManager_SvsLogicManager.c,39722,2180,08/03/2017 14:29:20,TRUNK
GeneratedCode/Scade/CheckSvsIsInitializing_HUDManager_SvsLogicManager.h,39722,2879,08/03/2017 14:29:20,TRUNK
GeneratedCode/Scade/CheckVideoBrightnessGainFromStick_HUDManager_VideoLogic.c,39722,5321,08/03/2017 14:29:20,TRUNK
GeneratedCode/Scade/CheckVideoBrightnessGainFromStick_HUDManager_VideoLogic.h,39722,3836,08/03/2017 14:29:20,TRUNK
GeneratedCode/Scade/CheckVideoOnStbyChange_STICKManager.c,39722,2515,08/03/2017 14:29:20,TRUNK
GeneratedCode/Scade/CheckVideoOnStbyChange_STICKManager.h,39722,2964,08/03/2017 14:29:20,TRUNK
GeneratedCode/Scade/ClockCounter_pwlinear.c,39722,1332,08/03/2017 14:29:20,TRUNK
GeneratedCode/Scade/ClockCounter_pwlinear.h,39722,1975,08/03/2017 14:29:20,TRUNK
GeneratedCode/Scade/ConvertCmcCommandToEnum_TYPES.c,39722,2145,08/03/2017 14:29:20,TRUNK
GeneratedCode/Scade/ConvertCmcCommandToEnum_TYPES.h,39722,1401,08/03/2017 14:29:20,TRUNK
GeneratedCode/Scade/ConvertTempToEnum_HUDManager_TempManager.c,39722,2188,08/03/2017 14:29:20,TRUNK
GeneratedCode/Scade/ConvertTempToEnum_HUDManager_TempManager.h,39722,1779,08/03/2017 14:29:20,TRUNK
GeneratedCode/Scade/Counter_pwlinear_int.c,39722,1381,08/03/2017 14:29:20,TRUNK
GeneratedCode/Scade/Counter_pwlinear_int.h,39722,1997,08/03/2017 14:29:20,TRUNK
GeneratedCode/Scade/CreateDataBaseConfiguration_CONFManager.c,39722,1940,08/03/2017 14:29:20,TRUNK
GeneratedCode/Scade/CreateDataBaseConfiguration_CONFManager.h,39722,1519,08/03/2017 14:29:20,TRUNK
GeneratedCode/Scade/CreateMauDataBaseConfiguration_MAUManager.c,39722,2687,08/03/2017 14:29:20,TRUNK
GeneratedCode/Scade/CreateMauDataBaseConfiguration_MAUManager.h,39722,1871,08/03/2017 14:29:20,TRUNK
GeneratedCode/Scade/DefineAParamHighZone_HUDManager_GlobalBrightnessManager.c,39722,2433,08/03/2017 14:29:20,TRUNK
GeneratedCode/Scade/DefineAParamHighZone_HUDManager_GlobalBrightnessManager.h,39722,1382,08/03/2017 14:29:20,TRUNK
GeneratedCode/Scade/DefineAParamLowZone_HUDManager_GlobalBrightnessManager.c,39722,2424,08/03/2017 14:29:20,TRUNK
GeneratedCode/Scade/DefineAParamLowZone_HUDManager_GlobalBrightnessManager.h,39722,1376,08/03/2017 14:29:20,TRUNK
GeneratedCode/Scade/DetectsOhuOverTemp_OHUManager.c,39722,1747,08/03/2017 14:29:20,TRUNK
GeneratedCode/Scade/DetectsOhuOverTemp_OHUManager.h,39722,1560,08/03/2017 14:29:20,TRUNK
GeneratedCode/Scade/DetermineFlapsPosition_MAU.c,39722,2483,08/03/2017 14:29:20,TRUNK
GeneratedCode/Scade/DetermineFlapsPosition_MAU.h,39722,1585,08/03/2017 14:29:20,TRUNK
GeneratedCode/Scade/DetermineGlobalBrightness_HUDManager_GlobalBrightnessManager.c,39722,7660,08/03/2017 14:29:20,TRUNK
GeneratedCode/Scade/DetermineGlobalBrightness_HUDManager_GlobalBrightnessManager.h,39722,6347,08/03/2017 14:29:20,TRUNK
GeneratedCode/Scade/DetermineSvsLayersVisibility_HUDManager_SvsLogicManager.c,39722,7315,08/03/2017 14:29:20,TRUNK
GeneratedCode/Scade/DetermineSvsLayersVisibility_HUDManager_SvsLogicManager.h,39722,7347,08/03/2017 14:29:20,TRUNK
GeneratedCode/Scade/DetermineTcasData_HUDManager_HudLogicManager.c,39722,5038,08/03/2017 14:29:20,TRUNK
GeneratedCode/Scade/DetermineTcasData_HUDManager_HudLogicManager.h,39722,2533,08/03/2017 14:29:20,TRUNK
GeneratedCode/Scade/DisplayDoPeriodic_DisplayManager.c,39722,30566,08/03/2017 14:29:20,TRUNK
GeneratedCode/Scade/DisplayDoPeriodic_DisplayManager.h,39722,3649,08/03/2017 14:29:20,TRUNK
GeneratedCode/Scade/DoAlignmentLogic_HUDManager_AlignmentLogic.c,39722,2892,08/03/2017 14:29:20,TRUNK
GeneratedCode/Scade/DoAlignmentLogic_HUDManager_AlignmentLogic.h,39722,4100,08/03/2017 14:29:20,TRUNK
GeneratedCode/Scade/DoCvsSplit_HUDManager_SvsLogicManager.c,39722,3236,08/03/2017 14:29:20,TRUNK
GeneratedCode/Scade/DoCvsSplit_HUDManager_SvsLogicManager.h,39722,3421,08/03/2017 14:29:20,TRUNK
GeneratedCode/Scade/DoEvsAlignment_HUDManager_AlignmentLogic.c,39722,1981,08/03/2017 14:29:20,TRUNK
GeneratedCode/Scade/DoEvsAlignment_HUDManager_AlignmentLogic.h,39722,1896,08/03/2017 14:29:20,TRUNK
GeneratedCode/Scade/DoExtendedInitialization_HUDManager_StatesModesManager.c,39722,14624,08/03/2017 14:29:20,TRUNK
GeneratedCode/Scade/DoExtendedInitialization_HUDManager_StatesModesManager.h,39722,7344,08/03/2017 14:29:20,TRUNK
GeneratedCode/Scade/DoFailuresLogic_HUDManager_FailuresManager.c,39722,194514,08/03/2017 14:29:20,TRUNK
GeneratedCode/Scade/DoFailuresLogic_HUDManager_FailuresManager.h,39722,6215,08/03/2017 14:29:20,TRUNK
GeneratedCode/Scade/DoHudAlignment_HUDManager_AlignmentLogic.c,39722,4732,08/03/2017 14:29:20,TRUNK
GeneratedCode/Scade/DoHudAlignment_HUDManager_AlignmentLogic.h,39722,4144,08/03/2017 14:29:20,TRUNK
GeneratedCode/Scade/DoHudGeneralLogic_HUDManager_FlightManager.c,39722,6177,08/03/2017 14:29:20,TRUNK
GeneratedCode/Scade/DoHudGeneralLogic_HUDManager_FlightManager.h,39722,3705,08/03/2017 14:29:20,TRUNK
GeneratedCode/Scade/DoHudGeneralLogic_HUDManager_HudLogicManager.c,39722,4947,08/03/2017 14:29:20,TRUNK
GeneratedCode/Scade/DoHudGeneralLogic_HUDManager_HudLogicManager.h,39722,5586,08/03/2017 14:29:20,TRUNK
GeneratedCode/Scade/DoHudNvramOutput_HUDManager_HudOutputManager.c,39722,2803,08/03/2017 14:29:20,TRUNK
GeneratedCode/Scade/DoHudNvramOutput_HUDManager_HudOutputManager.h,39722,2823,08/03/2017 14:29:20,TRUNK
GeneratedCode/Scade/DoHudOutput_HUDManager_HudOutputManager.c,39722,27457,08/03/2017 14:29:20,TRUNK
GeneratedCode/Scade/DoHudOutput_HUDManager_HudOutputManager.h,39722,4954,08/03/2017 14:29:20,TRUNK
GeneratedCode/Scade/DoInitialization_HUDManager_StatesModesManager.c,39722,23557,08/03/2017 14:29:20,TRUNK
GeneratedCode/Scade/DoInitialization_HUDManager_StatesModesManager.h,39722,8966,08/03/2017 14:29:20,TRUNK
GeneratedCode/Scade/DoLogManagerPeriodic_LogManager.c,39722,1604,08/03/2017 14:29:20,TRUNK
GeneratedCode/Scade/DoLogManagerPeriodic_LogManager.h,39722,1421,08/03/2017 14:29:20,TRUNK
GeneratedCode/Scade/DoMaintenanceAlignEvs_HUDManager_StatesModesManager.c,39722,15468,08/03/2017 14:29:20,TRUNK
GeneratedCode/Scade/DoMaintenanceAlignEvs_HUDManager_StatesModesManager.h,39722,7190,08/03/2017 14:29:20,TRUNK
GeneratedCode/Scade/DoMaintenanceAlignHud_HUDManager_StatesModesManager.c,39722,14212,08/03/2017 14:29:20,TRUNK
GeneratedCode/Scade/DoMaintenanceAlignHud_HUDManager_StatesModesManager.h,39722,6657,08/03/2017 14:29:20,TRUNK
GeneratedCode/Scade/DoMaintenanceAlign_HUDManager_StatesModesManager.c,39722,4796,08/03/2017 14:29:20,TRUNK
GeneratedCode/Scade/DoMaintenanceAlign_HUDManager_StatesModesManager.h,39722,4648,08/03/2017 14:29:20,TRUNK
GeneratedCode/Scade/DoMaintenanceLoader_HUDManager_StatesModesManager.c,39722,9664,08/03/2017 14:29:20,TRUNK
GeneratedCode/Scade/DoMaintenanceLoader_HUDManager_StatesModesManager.h,39722,4244,08/03/2017 14:29:20,TRUNK
GeneratedCode/Scade/DoMaintenanceModes_HUDManager_StatesModesManager.c,39722,2489,08/03/2017 14:29:20,TRUNK
GeneratedCode/Scade/DoMaintenanceModes_HUDManager_StatesModesManager.h,39722,2914,08/03/2017 14:29:20,TRUNK
GeneratedCode/Scade/DoMaintenanceSubmode_HUDManager_StatesModesManager.c,39722,2783,08/03/2017 14:29:20,TRUNK
GeneratedCode/Scade/DoMaintenanceSubmode_HUDManager_StatesModesManager.h,39722,1789,08/03/2017 14:29:20,TRUNK
GeneratedCode/Scade/DoOperationalModes_HUDManager_StatesModesManager.c,39722,9026,08/03/2017 14:29:20,TRUNK
GeneratedCode/Scade/DoOperationalModes_HUDManager_StatesModesManager.h,39722,5408,08/03/2017 14:29:20,TRUNK
GeneratedCode/Scade/DoOperationalState_HUDManager_StatesModesManager.c,39722,34843,08/03/2017 14:29:20,TRUNK
GeneratedCode/Scade/DoOperationalState_HUDManager_StatesModesManager.h,39722,9124,08/03/2017 14:29:20,TRUNK
GeneratedCode/Scade/DoPeriodic_ACManager.c,39722,1906,08/03/2017 14:29:20,TRUNK
GeneratedCode/Scade/DoPeriodic_ACManager.h,39722,2665,08/03/2017 14:29:20,TRUNK
GeneratedCode/Scade/DoPeriodic_BITManager.c,39722,14375,08/03/2017 14:29:20,TRUNK
GeneratedCode/Scade/DoPeriodic_BITManager.h,39722,2830,08/03/2017 14:29:20,TRUNK
GeneratedCode/Scade/DoPeriodic_HUDManager.c,39722,45131,08/03/2017 14:29:20,TRUNK
GeneratedCode/Scade/DoPeriodic_HUDManager.h,39722,7292,08/03/2017 14:29:20,TRUNK
GeneratedCode/Scade/DoPowerScanLogic_HUDManager_PowerScanManager.c,39722,2773,08/03/2017 14:29:20,TRUNK
GeneratedCode/Scade/DoPowerScanLogic_HUDManager_PowerScanManager.h,39722,2111,08/03/2017 14:29:20,TRUNK
GeneratedCode/Scade/DoPowerScan_HUDManager_PowerScanManager.c,39722,2689,08/03/2017 14:29:20,TRUNK
GeneratedCode/Scade/DoPowerScan_HUDManager_PowerScanManager.h,39722,2356,08/03/2017 14:29:20,TRUNK
GeneratedCode/Scade/DoPowerUpNumberLogic_HUDManager_HudLogicManager.c,39722,2995,08/03/2017 14:29:20,TRUNK
GeneratedCode/Scade/DoPowerUpNumberLogic_HUDManager_HudLogicManager.h,39722,2059,08/03/2017 14:29:20,TRUNK
GeneratedCode/Scade/DoStateIndependentLogic_HUDManager_StatesModesManager.c,39722,4506,08/03/2017 14:29:20,TRUNK
GeneratedCode/Scade/DoStateIndependentLogic_HUDManager_StatesModesManager.h,39722,3891,08/03/2017 14:29:20,TRUNK
GeneratedCode/Scade/DoSystemStates_HUDManager_StatesModesManager.c,39722,8199,08/03/2017 14:29:20,TRUNK
GeneratedCode/Scade/DoSystemStates_HUDManager_StatesModesManager.h,39722,5586,08/03/2017 14:29:20,TRUNK
GeneratedCode/Scade/DoTemperatureLogic_HUDManager_TempManager.c,39722,1713,08/03/2017 14:29:20,TRUNK
GeneratedCode/Scade/DoTemperatureLogic_HUDManager_TempManager.h,39722,1780,08/03/2017 14:29:20,TRUNK
GeneratedCode/Scade/DoTestsLogic_HUDManager_TestsManager.c,39722,12056,08/03/2017 14:29:20,TRUNK
GeneratedCode/Scade/DoTestsLogic_HUDManager_TestsManager.h,39722,7746,08/03/2017 14:29:20,TRUNK
GeneratedCode/Scade/DoVideoLogic_HUDManager_VideoLogic.c,39722,5580,08/03/2017 14:29:20,TRUNK
GeneratedCode/Scade/DoVideoLogic_HUDManager_VideoLogic.h,39722,5570,08/03/2017 14:29:20,TRUNK
GeneratedCode/Scade/EpcDoPeriodic_EPCManager.c,39722,1794,08/03/2017 14:29:20,TRUNK
GeneratedCode/Scade/EpcDoPeriodic_EPCManager.h,39722,1799,08/03/2017 14:29:20,TRUNK
GeneratedCode/Scade/EvsAcquireData_EVSManager.c,39722,18729,08/03/2017 14:29:20,TRUNK
GeneratedCode/Scade/EvsAcquireData_EVSManager.h,39722,3725,08/03/2017 14:29:20,TRUNK
GeneratedCode/Scade/EvsDoPeriodic_EVSManager.c,39722,2160,08/03/2017 14:29:20,TRUNK
GeneratedCode/Scade/EvsDoPeriodic_EVSManager.h,39722,2010,08/03/2017 14:29:20,TRUNK
GeneratedCode/Scade/ExtractDataFromA429Label_BasicIO_A429.c,39722,1676,08/03/2017 14:29:20,TRUNK
GeneratedCode/Scade/ExtractDataFromA429Label_BasicIO_A429.h,39722,1525,08/03/2017 14:29:20,TRUNK
GeneratedCode/Scade/ExtractGpsOperationalData_GPSManager_12.c,39722,1846,08/03/2017 14:29:20,TRUNK
GeneratedCode/Scade/ExtractGpsOperationalData_GPSManager_12.h,39722,1813,08/03/2017 14:29:20,TRUNK
GeneratedCode/Scade/ExtractIrsOperationalData_IRSManager_19.c,39722,1645,08/03/2017 14:29:20,TRUNK
GeneratedCode/Scade/ExtractIrsOperationalData_IRSManager_19.h,39722,1612,08/03/2017 14:29:20,TRUNK
GeneratedCode/Scade/ExtractMauOperationalData_MAUManager_112.c,39722,1791,08/03/2017 14:29:20,TRUNK
GeneratedCode/Scade/ExtractMauOperationalData_MAUManager_112.h,39722,1760,08/03/2017 14:29:20,TRUNK
GeneratedCode/Scade/ExtractOperationalData_CONFManager_112.c,39722,1836,08/03/2017 14:29:20,TRUNK
GeneratedCode/Scade/ExtractOperationalData_CONFManager_112.h,39722,1573,08/03/2017 14:29:20,TRUNK
GeneratedCode/Scade/ExtractOperationalData_CONFManager_12.c,39722,1832,08/03/2017 14:29:20,TRUNK
GeneratedCode/Scade/ExtractOperationalData_CONFManager_12.h,39722,1568,08/03/2017 14:29:20,TRUNK
GeneratedCode/Scade/ExtractOperationalData_CONFManager_19.c,39722,1832,08/03/2017 14:29:20,TRUNK
GeneratedCode/Scade/ExtractOperationalData_CONFManager_19.h,39722,1568,08/03/2017 14:29:20,TRUNK
GeneratedCode/Scade/FallingHysteresis_pwlinear_real.c,39722,1600,08/03/2017 14:29:20,TRUNK
GeneratedCode/Scade/FallingHysteresis_pwlinear_real.h,39722,2262,08/03/2017 14:29:20,TRUNK
GeneratedCode/Scade/Get818Bytes3_7_OHUManager.c,39722,2176,08/03/2017 14:29:20,TRUNK
GeneratedCode/Scade/Get818Bytes3_7_OHUManager.h,39722,2140,08/03/2017 14:29:20,TRUNK
GeneratedCode/Scade/GetArinc818RxFailure_BITManager.c,39722,1858,08/03/2017 14:29:20,TRUNK
GeneratedCode/Scade/GetArinc818RxFailure_BITManager.h,39722,1600,08/03/2017 14:29:20,TRUNK
GeneratedCode/Scade/GetDiscreteHdpInFailures_BITManager.c,39722,2262,08/03/2017 14:29:20,TRUNK
GeneratedCode/Scade/GetDiscreteHdpInFailures_BITManager.h,39722,1816,08/03/2017 14:29:20,TRUNK
GeneratedCode/Scade/GetDiscreteIn03Failures_BITManager.c,39722,2664,08/03/2017 14:29:20,TRUNK
GeneratedCode/Scade/GetDiscreteIn03Failures_BITManager.h,39722,1819,08/03/2017 14:29:20,TRUNK
GeneratedCode/Scade/GetFilteredBitResultInt32_BITManager.c,39722,2146,08/03/2017 14:29:20,TRUNK
GeneratedCode/Scade/GetFilteredBitResultInt32_BITManager.h,39722,1696,08/03/2017 14:29:20,TRUNK
GeneratedCode/Scade/GetGpsLabelFromOperationalDataConfig_GPSManager_12.c,39722,1705,08/03/2017 14:29:20,TRUNK
GeneratedCode/Scade/GetGpsLabelFromOperationalDataConfig_GPSManager_12.h,39722,1698,08/03/2017 14:29:20,TRUNK
GeneratedCode/Scade/GetIrsLabelFromOperationalDataConfig_IRSManager_19.c,39722,1647,08/03/2017 14:29:20,TRUNK
GeneratedCode/Scade/GetIrsLabelFromOperationalDataConfig_IRSManager_19.h,39722,1640,08/03/2017 14:29:20,TRUNK
GeneratedCode/Scade/GetLabelFromOperationalDataConfig_CONFManager_112.c,39722,1721,08/03/2017 14:29:20,TRUNK
GeneratedCode/Scade/GetLabelFromOperationalDataConfig_CONFManager_112.h,39722,1540,08/03/2017 14:29:20,TRUNK
GeneratedCode/Scade/GetLabelFromOperationalDataConfig_CONFManager_12.c,39722,1717,08/03/2017 14:29:20,TRUNK
GeneratedCode/Scade/GetLabelFromOperationalDataConfig_CONFManager_12.h,39722,1535,08/03/2017 14:29:20,TRUNK
GeneratedCode/Scade/GetLabelFromOperationalDataConfig_CONFManager_19.c,39722,1717,08/03/2017 14:29:20,TRUNK
GeneratedCode/Scade/GetLabelFromOperationalDataConfig_CONFManager_19.h,39722,1535,08/03/2017 14:29:20,TRUNK
GeneratedCode/Scade/GetMauLabelFromOperationalDataConfig_MAUManager_112.c,39722,1864,08/03/2017 14:29:20,TRUNK
GeneratedCode/Scade/GetMauLabelFromOperationalDataConfig_MAUManager_112.h,39722,1859,08/03/2017 14:29:20,TRUNK
GeneratedCode/Scade/GetPowerUpNumber_HUDManager_HudLogicManager.c,39722,1726,08/03/2017 14:29:20,TRUNK
GeneratedCode/Scade/GetPowerUpNumber_HUDManager_HudLogicManager.h,39722,1488,08/03/2017 14:29:20,TRUNK
GeneratedCode/Scade/GetProtectionCode_EVSManager.c,39722,2473,08/03/2017 14:29:20,TRUNK
GeneratedCode/Scade/GetProtectionCode_EVSManager.h,39722,2353,08/03/2017 14:29:20,TRUNK
GeneratedCode/Scade/GetSvsPhaseOfFlight_SVSManager.c,39722,2509,08/03/2017 14:29:20,TRUNK
GeneratedCode/Scade/GetSvsPhaseOfFlight_SVSManager.h,39722,2628,08/03/2017 14:29:20,TRUNK
GeneratedCode/Scade/GetSymbologyBrightnessLevel_HUDManager_FlightManager.c,39722,2085,08/03/2017 14:29:20,TRUNK
GeneratedCode/Scade/GetSymbologyBrightnessLevel_HUDManager_FlightManager.h,39722,1692,08/03/2017 14:29:20,TRUNK
GeneratedCode/Scade/HandleAcDiscreteData_ACManager.c,39722,4266,08/03/2017 14:29:20,TRUNK
GeneratedCode/Scade/HandleAcDiscreteData_ACManager.h,39722,3197,08/03/2017 14:29:20,TRUNK
GeneratedCode/Scade/HandleAlignOut_EPCManager.c,39722,12989,08/03/2017 14:29:20,TRUNK
GeneratedCode/Scade/HandleAlignOut_EPCManager.h,39722,3921,08/03/2017 14:29:20,TRUNK
GeneratedCode/Scade/HandleAngleOfAttack_MAUManager.c,39722,4412,08/03/2017 14:29:20,TRUNK
GeneratedCode/Scade/HandleAngleOfAttack_MAUManager.h,39722,2368,08/03/2017 14:29:20,TRUNK
GeneratedCode/Scade/HandleAutoPilotState_MAU.c,39722,4173,08/03/2017 14:29:20,TRUNK
GeneratedCode/Scade/HandleAutoPilotState_MAU.h,39722,2361,08/03/2017 14:29:20,TRUNK
GeneratedCode/Scade/HandleAutoThrottleState_MAU.c,39722,4820,08/03/2017 14:29:20,TRUNK
GeneratedCode/Scade/HandleAutoThrottleState_MAU.h,39722,2132,08/03/2017 14:29:20,TRUNK
GeneratedCode/Scade/HandleDriftIndex_MAUManager.c,39722,2180,08/03/2017 14:29:20,TRUNK
GeneratedCode/Scade/HandleDriftIndex_MAUManager.h,39722,2048,08/03/2017 14:29:20,TRUNK
GeneratedCode/Scade/HandleFlapsSlatsState_MAU.c,39722,7084,08/03/2017 14:29:20,TRUNK
GeneratedCode/Scade/HandleFlapsSlatsState_MAU.h,39722,3772,08/03/2017 14:29:20,TRUNK
GeneratedCode/Scade/HandleGpsData_GPSManager_12.c,39722,10587,08/03/2017 14:29:20,TRUNK
GeneratedCode/Scade/HandleGpsData_GPSManager_12.h,39722,4407,08/03/2017 14:29:20,TRUNK
GeneratedCode/Scade/HandleIrsData_IRSManager_19.c,39722,33054,08/03/2017 14:29:20,TRUNK
GeneratedCode/Scade/HandleIrsData_IRSManager_19.h,39722,8292,08/03/2017 14:29:20,TRUNK
GeneratedCode/Scade/HandleLandingGear_MAUManager.c,39722,1920,08/03/2017 14:29:20,TRUNK
GeneratedCode/Scade/HandleLandingGear_MAUManager.h,39722,1838,08/03/2017 14:29:20,TRUNK
GeneratedCode/Scade/HandleMarkerBeacon_MAUManager.c,39722,3311,08/03/2017 14:29:20,TRUNK
GeneratedCode/Scade/HandleMarkerBeacon_MAUManager.h,39722,2151,08/03/2017 14:29:20,TRUNK
GeneratedCode/Scade/HandleMauData_MAUManager_112.c,39722,4980,08/03/2017 14:29:20,TRUNK
GeneratedCode/Scade/HandleMauData_MAUManager_112.h,39722,5290,08/03/2017 14:29:20,TRUNK
GeneratedCode/Scade/HandleMauPrimaryData_MAUManager_112.c,39722,64194,08/03/2017 14:29:20,TRUNK
GeneratedCode/Scade/HandleMauPrimaryData_MAUManager_112.h,39722,7402,08/03/2017 14:29:20,TRUNK
GeneratedCode/Scade/HandleMauSecondaryData_MAUManager_112.c,39722,53252,08/03/2017 14:29:20,TRUNK
GeneratedCode/Scade/HandleMauSecondaryData_MAUManager_112.h,39722,7006,08/03/2017 14:29:20,TRUNK
GeneratedCode/Scade/HandleNavigationChannels_MAU.c,39722,2703,08/03/2017 14:29:20,TRUNK
GeneratedCode/Scade/HandleNavigationChannels_MAU.h,39722,2379,08/03/2017 14:29:20,TRUNK
GeneratedCode/Scade/HandleOhuData_OHUManager.c,39722,38467,08/03/2017 14:29:20,TRUNK
GeneratedCode/Scade/HandleOhuData_OHUManager.h,39722,7527,08/03/2017 14:29:20,TRUNK
GeneratedCode/Scade/HandleRadaltData_RADALTManager.c,39722,2890,08/03/2017 14:29:20,TRUNK
GeneratedCode/Scade/HandleRadaltData_RADALTManager.h,39722,2103,08/03/2017 14:29:20,TRUNK
GeneratedCode/Scade/HandleStickOperationalData_STICKManager.c,39722,3261,08/03/2017 14:29:20,TRUNK
GeneratedCode/Scade/HandleStickOperationalData_STICKManager.h,39722,3199,08/03/2017 14:29:20,TRUNK
GeneratedCode/Scade/HandleSvsData_SVSManager.c,39722,36848,08/03/2017 14:29:20,TRUNK
GeneratedCode/Scade/HandleSvsData_SVSManager.h,39722,3217,08/03/2017 14:29:20,TRUNK
GeneratedCode/Scade/HandleSvsEvsBrightnessOffset_HUDManager_VideoLogic.c,39722,3928,08/03/2017 14:29:20,TRUNK
GeneratedCode/Scade/HandleSvsEvsBrightnessOffset_HUDManager_VideoLogic.h,39722,2830,08/03/2017 14:29:20,TRUNK
GeneratedCode/Scade/HandleThrottlePositions_MAU.c,39722,3986,08/03/2017 14:29:20,TRUNK
GeneratedCode/Scade/HandleThrottlePositions_MAU.h,39722,2536,08/03/2017 14:29:20,TRUNK
GeneratedCode/Scade/HandleVideoData_VIDEOManager.c,39722,3090,08/03/2017 14:29:20,TRUNK
GeneratedCode/Scade/HandleVideoData_VIDEOManager.h,39722,2918,08/03/2017 14:29:20,TRUNK
GeneratedCode/Scade/HandleWeightOnWheels_MAU.c,39722,3632,08/03/2017 14:29:20,TRUNK
GeneratedCode/Scade/HandleWeightOnWheels_MAU.h,39722,2188,08/03/2017 14:29:20,TRUNK
GeneratedCode/Scade/HdpDoPeriodic_HDPManager.c,39722,1719,08/03/2017 14:29:20,TRUNK
GeneratedCode/Scade/HdpDoPeriodic_HDPManager.h,39722,1638,08/03/2017 14:29:20,TRUNK
GeneratedCode/Scade/IncrementKeepAliveCounter_OHUManager.c,39722,1893,08/03/2017 14:29:20,TRUNK
GeneratedCode/Scade/IncrementKeepAliveCounter_OHUManager.h,39722,2473,08/03/2017 14:29:20,TRUNK
GeneratedCode/Scade/Int2BoolVectElt_digital.c,39722,1267,08/03/2017 14:29:20,TRUNK
GeneratedCode/Scade/Int2BoolVectElt_digital.h,39722,1352,08/03/2017 14:29:20,TRUNK
GeneratedCode/Scade/Int2BoolVect_digital_1.c,39722,1541,08/03/2017 14:29:20,TRUNK
GeneratedCode/Scade/Int2BoolVect_digital_1.h,39722,1476,08/03/2017 14:29:20,TRUNK
GeneratedCode/Scade/Int2BoolVect_digital_10.c,39722,1637,08/03/2017 14:29:20,TRUNK
GeneratedCode/Scade/Int2BoolVect_digital_10.h,39722,1482,08/03/2017 14:29:20,TRUNK
GeneratedCode/Scade/Int2BoolVect_digital_11.c,39722,1638,08/03/2017 14:29:20,TRUNK
GeneratedCode/Scade/Int2BoolVect_digital_11.h,39722,1482,08/03/2017 14:29:20,TRUNK
GeneratedCode/Scade/Int2BoolVect_digital_12.c,39722,1638,08/03/2017 14:29:20,TRUNK
GeneratedCode/Scade/Int2BoolVect_digital_12.h,39722,1482,08/03/2017 14:29:20,TRUNK
GeneratedCode/Scade/Int2BoolVect_digital_2.c,39722,1630,08/03/2017 14:29:20,TRUNK
GeneratedCode/Scade/Int2BoolVect_digital_2.h,39722,1476,08/03/2017 14:29:20,TRUNK
GeneratedCode/Scade/Int2BoolVect_digital_3.c,39722,1630,08/03/2017 14:29:20,TRUNK
GeneratedCode/Scade/Int2BoolVect_digital_3.h,39722,1476,08/03/2017 14:29:20,TRUNK
GeneratedCode/Scade/Int2BoolVect_digital_4.c,39722,1630,08/03/2017 14:29:20,TRUNK
GeneratedCode/Scade/Int2BoolVect_digital_4.h,39722,1476,08/03/2017 14:29:20,TRUNK
GeneratedCode/Scade/Int2BoolVect_digital_5.c,39722,1630,08/03/2017 14:29:20,TRUNK
GeneratedCode/Scade/Int2BoolVect_digital_5.h,39722,1476,08/03/2017 14:29:20,TRUNK
GeneratedCode/Scade/Int2BoolVect_digital_6.c,39722,1630,08/03/2017 14:29:20,TRUNK
GeneratedCode/Scade/Int2BoolVect_digital_6.h,39722,1476,08/03/2017 14:29:20,TRUNK
GeneratedCode/Scade/Int2BoolVect_digital_8.c,39722,1630,08/03/2017 14:29:20,TRUNK
GeneratedCode/Scade/Int2BoolVect_digital_8.h,39722,1476,08/03/2017 14:29:20,TRUNK
GeneratedCode/Scade/Int2BoolVect_digital_9.c,39722,1630,08/03/2017 14:29:20,TRUNK
GeneratedCode/Scade/Int2BoolVect_digital_9.h,39722,1476,08/03/2017 14:29:20,TRUNK
GeneratedCode/Scade/Inv_mathext_int.c,39722,1149,08/03/2017 14:29:20,TRUNK
GeneratedCode/Scade/Inv_mathext_int.h,39722,1144,08/03/2017 14:29:20,TRUNK
GeneratedCode/Scade/IsAircraftInUnusualAttitude_HUDManager_FlightManager.c,39722,7858,08/03/2017 14:29:20,TRUNK
GeneratedCode/Scade/IsAircraftInUnusualAttitude_HUDManager_FlightManager.h,39722,5679,08/03/2017 14:29:20,TRUNK
GeneratedCode/Scade/IsAircraftNearUnusualAttitude_HUDManager_FlightManager.c,39722,2136,08/03/2017 14:29:20,TRUNK
GeneratedCode/Scade/IsAircraftNearUnusualAttitude_HUDManager_FlightManager.h,39722,2770,08/03/2017 14:29:20,TRUNK
GeneratedCode/Scade/IsBitOn32Bits_Util_int.c,39722,1483,08/03/2017 14:29:20,TRUNK
GeneratedCode/Scade/IsBitOn32Bits_Util_int.h,39722,1296,08/03/2017 14:29:20,TRUNK
GeneratedCode/Scade/IsCenterThrottleExists_MAU.c,39722,1790,08/03/2017 14:29:20,TRUNK
GeneratedCode/Scade/IsCenterThrottleExists_MAU.h,39722,1678,08/03/2017 14:29:20,TRUNK
GeneratedCode/Scade/IsCrcReportFailed_OHUManager.c,39722,1814,08/03/2017 14:29:20,TRUNK
GeneratedCode/Scade/IsCrcReportFailed_OHUManager.h,39722,2569,08/03/2017 14:29:20,TRUNK
GeneratedCode/Scade/IsHudCommandAckMechanismSr1Failed_HUDManager_TestsManager.c,39722,4172,08/03/2017 14:29:20,TRUNK
GeneratedCode/Scade/IsHudCommandAckMechanismSr1Failed_HUDManager_TestsManager.h,39722,3520,08/03/2017 14:29:20,TRUNK
GeneratedCode/Scade/IsHudCuInternalCommSr2AndSr1Failed_HUDManager_TestsManager.c,39722,2292,08/03/2017 14:29:20,TRUNK
GeneratedCode/Scade/IsHudCuInternalCommSr2AndSr1Failed_HUDManager_TestsManager.h,39722,2012,08/03/2017 14:29:20,TRUNK
GeneratedCode/Scade/IsHudCuOhuBoresightCommandAckSr1Failed_HUDManager_TestsManager.c,39722,3978,08/03/2017 14:29:20,TRUNK
GeneratedCode/Scade/IsHudCuOhuBoresightCommandAckSr1Failed_HUDManager_TestsManager.h,39722,3912,08/03/2017 14:29:20,TRUNK
GeneratedCode/Scade/IsHudCuOverTempSr1Failed_HUDManager_TestsManager.c,39722,6342,08/03/2017 14:29:20,TRUNK
GeneratedCode/Scade/IsHudCuOverTempSr1Failed_HUDManager_TestsManager.h,39722,4479,08/03/2017 14:29:20,TRUNK
GeneratedCode/Scade/IsHudCuPowerSupplyOverTempSr1Failed_HUDManager_TestsManager.c,39722,2849,08/03/2017 14:29:20,TRUNK
GeneratedCode/Scade/IsHudCuPowerSupplyOverTempSr1Failed_HUDManager_TestsManager.h,39722,3150,08/03/2017 14:29:20,TRUNK
GeneratedCode/Scade/IsLvtoCriteriaBValid_HUDManager_LvtoLogic.c,39722,3189,08/03/2017 14:29:20,TRUNK
GeneratedCode/Scade/IsLvtoCriteriaBValid_HUDManager_LvtoLogic.h,39722,3225,08/03/2017 14:29:20,TRUNK
GeneratedCode/Scade/IsLvtoCriteriaCValid_HUDManager_LvtoLogic.c,39722,6263,08/03/2017 14:29:20,TRUNK
GeneratedCode/Scade/IsLvtoCriteriaCValid_HUDManager_LvtoLogic.h,39722,6299,08/03/2017 14:29:20,TRUNK
GeneratedCode/Scade/IsMajorFailures_HUDManager_FailuresManager.c,39722,37757,08/03/2017 14:29:20,TRUNK
GeneratedCode/Scade/IsMajorFailures_HUDManager_FailuresManager.h,39722,4056,08/03/2017 14:29:20,TRUNK
GeneratedCode/Scade/IsOhuExtPbitCommandOk_HUDManager_TestsManager.c,39722,2888,08/03/2017 14:29:20,TRUNK
GeneratedCode/Scade/IsOhuExtPbitCommandOk_HUDManager_TestsManager.h,39722,3230,08/03/2017 14:29:20,TRUNK
GeneratedCode/Scade/IsOhuKeepAliveFailed_OHUManager.c,39722,2121,08/03/2017 14:29:20,TRUNK
GeneratedCode/Scade/IsOhuKeepAliveFailed_OHUManager.h,39722,2684,08/03/2017 14:29:20,TRUNK
GeneratedCode/Scade/IsSTBYAfterPowerUp_HUDManager_StatesModesManager.c,39722,1956,08/03/2017 14:29:20,TRUNK
GeneratedCode/Scade/IsSTBYAfterPowerUp_HUDManager_StatesModesManager.h,39722,2703,08/03/2017 14:29:20,TRUNK
GeneratedCode/Scade/IsStowedMoreThan30Minutes_OHUManager.c,39722,1848,08/03/2017 14:29:20,TRUNK
GeneratedCode/Scade/IsStowedMoreThan30Minutes_OHUManager.h,39722,2622,08/03/2017 14:29:20,TRUNK
GeneratedCode/Scade/MatProd_vect_real_3_3_3.c,39722,1343,08/03/2017 14:29:20,TRUNK
GeneratedCode/Scade/MatProd_vect_real_3_3_3.h,39722,1398,08/03/2017 14:29:20,TRUNK
GeneratedCode/Scade/MauConvertAircraftType_MAUManager.c,39722,2348,08/03/2017 14:29:20,TRUNK
GeneratedCode/Scade/MauConvertAircraftType_MAUManager.h,39722,1490,08/03/2017 14:29:20,TRUNK
GeneratedCode/Scade/Max3_math_real.c,39722,1381,08/03/2017 14:29:20,TRUNK
GeneratedCode/Scade/Max3_math_real.h,39722,1265,08/03/2017 14:29:20,TRUNK
GeneratedCode/Scade/MountOutMessageByte34_OHUManager.c,39722,2186,08/03/2017 14:29:20,TRUNK
GeneratedCode/Scade/MountOutMessageByte34_OHUManager.h,39722,1692,08/03/2017 14:29:20,TRUNK
GeneratedCode/Scade/MountOutMessageByte5_OHUManager.c,39722,3581,08/03/2017 14:29:20,TRUNK
GeneratedCode/Scade/MountOutMessageByte5_OHUManager.h,39722,1826,08/03/2017 14:29:20,TRUNK
GeneratedCode/Scade/OffsetUpdate_HUDManager_GlobalBrightnessManager.c,39722,3168,08/03/2017 14:29:20,TRUNK
GeneratedCode/Scade/OffsetUpdate_HUDManager_GlobalBrightnessManager.h,39722,1826,08/03/2017 14:29:20,TRUNK
GeneratedCode/Scade/PerformInternalIntegrityTest_HUDManager_TestsManager.c,39722,1633,08/03/2017 14:29:20,TRUNK
GeneratedCode/Scade/PerformInternalIntegrityTest_HUDManager_TestsManager.h,39722,1577,08/03/2017 14:29:20,TRUNK
GeneratedCode/Scade/PerformOhuBacklightOffTest_HUDManager_TestsManager.c,39722,5093,08/03/2017 14:29:20,TRUNK
GeneratedCode/Scade/PerformOhuBacklightOffTest_HUDManager_TestsManager.h,39722,3520,08/03/2017 14:29:20,TRUNK
GeneratedCode/Scade/PerformOhuLedControlTest_HUDManager_TestsManager.c,39722,1603,08/03/2017 14:29:20,TRUNK
GeneratedCode/Scade/PerformOhuLedControlTest_HUDManager_TestsManager.h,39722,1734,08/03/2017 14:29:20,TRUNK
GeneratedCode/Scade/PerformSr2MonitoringScrubTest_HUDManager_TestsManager.c,39722,2550,08/03/2017 14:29:20,TRUNK
GeneratedCode/Scade/PerformSr2MonitoringScrubTest_HUDManager_TestsManager.h,39722,3077,08/03/2017 14:29:20,TRUNK
GeneratedCode/Scade/PerformSystemIntegrityTest_HUDManager_TestsManager.c,39722,2045,08/03/2017 14:29:20,TRUNK
GeneratedCode/Scade/PerformSystemIntegrityTest_HUDManager_TestsManager.h,39722,2008,08/03/2017 14:29:20,TRUNK
GeneratedCode/Scade/PreformOhuExtPbitDoneTest_HUDManager_TestsManager.c,39722,2362,08/03/2017 14:29:20,TRUNK
GeneratedCode/Scade/PreformOhuExtPbitDoneTest_HUDManager_TestsManager.h,39722,2895,08/03/2017 14:29:20,TRUNK
GeneratedCode/Scade/PrepareHudLogicManagerData_HUDManager_DataPrepareManager.c,39722,121335,08/03/2017 14:29:20,TRUNK
GeneratedCode/Scade/PrepareHudLogicManagerData_HUDManager_DataPrepareManager.h,39722,8280,08/03/2017 14:29:20,TRUNK
GeneratedCode/Scade/PrepareOutData_SR2Manager.c,39722,48860,08/03/2017 14:29:20,TRUNK
GeneratedCode/Scade/PrepareOutData_SR2Manager.h,39722,4534,08/03/2017 14:29:20,TRUNK
GeneratedCode/Scade/RadaltDoPeriodic_RADALTManager.c,39722,3113,08/03/2017 14:29:20,TRUNK
GeneratedCode/Scade/RadaltDoPeriodic_RADALTManager.h,39722,3164,08/03/2017 14:29:20,TRUNK
GeneratedCode/Scade/RealEqual_Compare.c,39722,1426,08/03/2017 14:29:20,TRUNK
GeneratedCode/Scade/RealEqual_Compare.h,39722,1261,08/03/2017 14:29:20,TRUNK
GeneratedCode/Scade/ReportInitializationTestsResults_HUDManager_TestsManager.c,39722,4001,08/03/2017 14:29:20,TRUNK
GeneratedCode/Scade/ReportInitializationTestsResults_HUDManager_TestsManager.h,39722,3082,08/03/2017 14:29:20,TRUNK
GeneratedCode/Scade/RisingEdgeNoRetrigger_digital.c,39722,2423,08/03/2017 14:29:20,TRUNK
GeneratedCode/Scade/RisingEdgeNoRetrigger_digital.h,39722,2729,08/03/2017 14:29:20,TRUNK
GeneratedCode/Scade/RisingEdgeRetrigger_digital.c,39722,2292,08/03/2017 14:29:20,TRUNK
GeneratedCode/Scade/RisingEdgeRetrigger_digital.h,39722,2691,08/03/2017 14:29:20,TRUNK
GeneratedCode/Scade/RisingHysteresis_pwlinear_real.c,39722,1545,08/03/2017 14:29:20,TRUNK
GeneratedCode/Scade/RisingHysteresis_pwlinear_real.h,39722,2217,08/03/2017 14:29:20,TRUNK
GeneratedCode/Scade/SR2DoPeriodic_SR2Manager.c,39722,7524,08/03/2017 14:29:20,TRUNK
GeneratedCode/Scade/SR2DoPeriodic_SR2Manager.h,39722,2431,08/03/2017 14:29:20,TRUNK
GeneratedCode/Scade/SR2WriteData_SR2Manager.c,39722,1803,08/03/2017 14:29:20,TRUNK
GeneratedCode/Scade/SR2WriteData_SR2Manager.h,39722,1757,08/03/2017 14:29:20,TRUNK
GeneratedCode/Scade/SelectDevice_IRSManager.c,39722,2526,08/03/2017 14:29:20,TRUNK
GeneratedCode/Scade/SelectDevice_IRSManager.h,39722,1841,08/03/2017 14:29:20,TRUNK
GeneratedCode/Scade/SelectDevice_RADALTManager.c,39722,1781,08/03/2017 14:29:20,TRUNK
GeneratedCode/Scade/SelectDevice_RADALTManager.h,39722,1521,08/03/2017 14:29:20,TRUNK
GeneratedCode/Scade/SelectGpsConfigByAcType_GPSManager.c,39722,7318,08/03/2017 14:29:20,TRUNK
GeneratedCode/Scade/SelectGpsConfigByAcType_GPSManager.h,39722,3738,08/03/2017 14:29:20,TRUNK
GeneratedCode/Scade/SelectIrsConfigByAcType_IRSManager.c,39722,7371,08/03/2017 14:29:20,TRUNK
GeneratedCode/Scade/SelectIrsConfigByAcType_IRSManager.h,39722,4018,08/03/2017 14:29:20,TRUNK
GeneratedCode/Scade/SelectLabelPriorityFcsFd_MAU.c,39722,3997,08/03/2017 14:29:20,TRUNK
GeneratedCode/Scade/SelectLabelPriorityFcsFd_MAU.h,39722,3515,08/03/2017 14:29:20,TRUNK
GeneratedCode/Scade/SetAndGetDbBool_HUDManager.c,39722,1648,08/03/2017 14:29:20,TRUNK
GeneratedCode/Scade/SetAndGetDbBool_HUDManager.h,39722,1304,08/03/2017 14:29:20,TRUNK
GeneratedCode/Scade/SetAndGetDbFloat_HUDManager.c,39722,1646,08/03/2017 14:29:20,TRUNK
GeneratedCode/Scade/SetAndGetDbFloat_HUDManager.h,39722,1312,08/03/2017 14:29:20,TRUNK
GeneratedCode/Scade/SetAndGetDbInt_HUDManager.c,39722,1619,08/03/2017 14:29:20,TRUNK
GeneratedCode/Scade/SetAndGetDbInt_HUDManager.h,39722,1294,08/03/2017 14:29:20,TRUNK
GeneratedCode/Scade/SetEpcOutData_EPCManager.c,39722,1770,08/03/2017 14:29:20,TRUNK
GeneratedCode/Scade/SetEpcOutData_EPCManager.h,39722,2446,08/03/2017 14:29:20,TRUNK
GeneratedCode/Scade/SetOhuOutData_OHUManager.c,39722,12453,08/03/2017 14:29:20,TRUNK
GeneratedCode/Scade/SetOhuOutData_OHUManager.h,39722,5293,08/03/2017 14:29:20,TRUNK
GeneratedCode/Scade/SetSvioOutData_SVIOManager.c,39722,4851,08/03/2017 14:29:20,TRUNK
GeneratedCode/Scade/SetSvioOutData_SVIOManager.h,39722,2322,08/03/2017 14:29:20,TRUNK
GeneratedCode/Scade/SetSvsOutData_SVSManager.c,39722,9050,08/03/2017 14:29:20,TRUNK
GeneratedCode/Scade/SetSvsOutData_SVSManager.h,39722,3986,08/03/2017 14:29:20,TRUNK
GeneratedCode/Scade/SetVideoChannelsState_VIDEOManager.c,39722,2540,08/03/2017 14:29:20,TRUNK
GeneratedCode/Scade/SetVideoChannelsState_VIDEOManager.h,39722,1785,08/03/2017 14:29:20,TRUNK
GeneratedCode/Scade/SetVideoOutData_VIDEOManager.c,39722,3013,08/03/2017 14:29:20,TRUNK
GeneratedCode/Scade/SetVideoOutData_VIDEOManager.h,39722,2307,08/03/2017 14:29:20,TRUNK
GeneratedCode/Scade/SetXvsMode_HUDManager_VideoLogic.c,39722,9776,08/03/2017 14:29:20,TRUNK
GeneratedCode/Scade/SetXvsMode_HUDManager_VideoLogic.h,39722,3828,08/03/2017 14:29:20,TRUNK
GeneratedCode/Scade/SplitInt16ToUint8_OHUManager.c,39722,1881,08/03/2017 14:29:20,TRUNK
GeneratedCode/Scade/SplitInt16ToUint8_OHUManager.h,39722,1610,08/03/2017 14:29:20,TRUNK
GeneratedCode/Scade/SplitInt32To16_Util.c,39722,1486,08/03/2017 14:29:20,TRUNK
GeneratedCode/Scade/SplitInt32To16_Util.h,39722,1418,08/03/2017 14:29:20,TRUNK
GeneratedCode/Scade/SplitUint16ToUint8_OHUManager.c,39722,1943,08/03/2017 14:29:20,TRUNK
GeneratedCode/Scade/SplitUint16ToUint8_OHUManager.h,39722,1640,08/03/2017 14:29:20,TRUNK
GeneratedCode/Scade/SplitUint32ToUint8_OHUManager.c,39722,2562,08/03/2017 14:29:20,TRUNK
GeneratedCode/Scade/SplitUint32ToUint8_OHUManager.h,39722,1764,08/03/2017 14:29:20,TRUNK
GeneratedCode/Scade/StickDoPeriodic_STICKManager.c,39722,1984,08/03/2017 14:29:20,TRUNK
GeneratedCode/Scade/StickDoPeriodic_STICKManager.h,39722,2766,08/03/2017 14:29:20,TRUNK
GeneratedCode/Scade/SvioDoPeriodic_SVIOManager.c,39722,2853,08/03/2017 14:29:20,TRUNK
GeneratedCode/Scade/SvioDoPeriodic_SVIOManager.h,39722,2026,08/03/2017 14:29:20,TRUNK
GeneratedCode/Scade/SvsDoPeriodic_SVSManager.c,39722,2880,08/03/2017 14:29:20,TRUNK
GeneratedCode/Scade/SvsDoPeriodic_SVSManager.h,39722,3374,08/03/2017 14:29:20,TRUNK
GeneratedCode/Scade/TimedFlagStatusChange_Filters.c,39722,2188,08/03/2017 14:29:20,TRUNK
GeneratedCode/Scade/TimedFlagStatusChange_Filters.h,39722,2664,08/03/2017 14:29:20,TRUNK
GeneratedCode/Scade/VectMatProd_vect_real_3_3.c,39722,1445,08/03/2017 14:29:20,TRUNK
GeneratedCode/Scade/VectMatProd_vect_real_3_3.h,39722,1395,08/03/2017 14:29:20,TRUNK
GeneratedCode/Scade/WashOutFilter2_Filters.c,39722,3614,08/03/2017 14:29:20,TRUNK
GeneratedCode/Scade/WashOutFilter2_Filters.h,39722,3398,08/03/2017 14:29:20,TRUNK
GeneratedCode/Scade/WriteA429DataToDb_BasicIO_A429_1.c,39722,1713,08/03/2017 14:29:20,TRUNK
GeneratedCode/Scade/WriteA429DataToDb_BasicIO_A429_1.h,39722,1594,08/03/2017 14:29:20,TRUNK
GeneratedCode/Scade/WriteA429DataToDb_BasicIO_A429_19.c,39722,1783,08/03/2017 14:29:20,TRUNK
GeneratedCode/Scade/WriteA429DataToDb_BasicIO_A429_19.h,39722,1599,08/03/2017 14:29:20,TRUNK
GeneratedCode/Scade/WriteA429DataToDb_BasicIO_A429_5.c,39722,1779,08/03/2017 14:29:20,TRUNK
GeneratedCode/Scade/WriteA429DataToDb_BasicIO_A429_5.h,39722,1594,08/03/2017 14:29:20,TRUNK
GeneratedCode/Scade/WriteA429DataToDb_BasicIO_A429_65.c,39722,1783,08/03/2017 14:29:20,TRUNK
GeneratedCode/Scade/WriteA429DataToDb_BasicIO_A429_65.h,39722,1599,08/03/2017 14:29:20,TRUNK
GeneratedCode/Scade/WriteEvsA429LabelsOut_EVSManager.c,39722,12587,08/03/2017 14:29:20,TRUNK
GeneratedCode/Scade/WriteEvsA429LabelsOut_EVSManager.h,39722,5967,08/03/2017 14:29:20,TRUNK
GeneratedCode/Scade/WriteHudLogicToDatabase_HUDManager_HudOutputManager.c,39722,12726,08/03/2017 14:29:20,TRUNK
GeneratedCode/Scade/WriteHudLogicToDatabase_HUDManager_HudOutputManager.h,39722,6765,08/03/2017 14:29:20,TRUNK
GeneratedCode/Scade/WriteMauA429DataToDbIteration_MAU.c,39722,7813,08/03/2017 14:29:20,TRUNK
GeneratedCode/Scade/WriteMauA429DataToDbIteration_MAU.h,39722,6113,08/03/2017 14:29:20,TRUNK
GeneratedCode/Scade/WriteMauA429DataToDb_MAU_192.c,39722,4039,08/03/2017 14:29:20,TRUNK
GeneratedCode/Scade/WriteMauA429DataToDb_MAU_192.h,39722,4516,08/03/2017 14:29:20,TRUNK
GeneratedCode/Scade/WriteMauA429DataToDb_MAU_201.c,39722,4039,08/03/2017 14:29:20,TRUNK
GeneratedCode/Scade/WriteMauA429DataToDb_MAU_201.h,39722,4516,08/03/2017 14:29:20,TRUNK
GeneratedCode/Scade/WriteMauA429LabelsOut_MAUManager.c,39722,41867,08/03/2017 14:29:20,TRUNK
GeneratedCode/Scade/WriteMauA429LabelsOut_MAUManager.h,39722,15020,08/03/2017 14:29:20,TRUNK
GeneratedCode/Scade/WriteSpecificDataToDB_MAUManager.c,39722,11180,08/03/2017 14:29:20,TRUNK
GeneratedCode/Scade/WriteSpecificDataToDB_MAUManager.h,39722,3188,08/03/2017 14:29:20,TRUNK
GeneratedCode/Scade/count_down_digital.c,39722,1545,08/03/2017 14:29:20,TRUNK
GeneratedCode/Scade/count_down_digital.h,39722,2203,08/03/2017 14:29:20,TRUNK
GeneratedCode/Scade/kcg.log,39722,5972,08/03/2017 14:29:20,TRUNK
GeneratedCode/Scade/kcg_consts.c,39722,2518706,08/03/2017 14:29:20,TRUNK
GeneratedCode/Scade/kcg_consts.h,39722,243908,08/03/2017 14:29:20,TRUNK
GeneratedCode/Scade/kcg_files.txt,39722,22818,08/03/2017 14:29:20,TRUNK
GeneratedCode/Scade/kcg_imported_functions.h,39722,57541,08/03/2017 14:29:20,TRUNK
GeneratedCode/Scade/kcg_metrics.txt,39722,1648,08/03/2017 14:29:20,TRUNK
GeneratedCode/Scade/kcg_sensors.h,39722,3430,08/03/2017 14:29:20,TRUNK
GeneratedCode/Scade/kcg_trace.xml,39722,2961687,08/03/2017 14:29:20,TRUNK
GeneratedCode/Scade/kcg_types.c,39722,323787,08/03/2017 14:29:20,TRUNK
GeneratedCode/Scade/kcg_types.h,39722,399834,08/03/2017 14:29:20,TRUNK
GeneratedCode/Scade/kcg_xml_filter_out.scade,39722,5924532,08/03/2017 14:29:20,TRUNK
HUDManager/DataPrepareManager/ScadeModels/PrepareHudLogicData.ann,37446,6098,20/11/2016 12:45:02,3681A02-08
HUDManager/DataPrepareManager/ScadeModels/PrepareHudLogicData.xscade,37446,107097,20/11/2016 12:45:02,3681A02-08
HUDManager/DataPrepareManager/ScadeModels/PrepareHudOutData.ann,39660,5225,05/03/2017 10:42:27,TRUNK
HUDManager/DataPrepareManager/ScadeModels/PrepareHudOutData.xscade,39660,713909,05/03/2017 10:42:27,TRUNK
HUDManager/EvsLogicManager/ScadeModels/CalculateEvsRoi.ann,38119,2704,18/12/2016 15:46:53,3681A02-10
HUDManager/EvsLogicManager/ScadeModels/CalculateEvsRoi.xscade,38124,50715,19/12/2016 07:53:21,3681A02-10
HUDManager/EvsLogicManager/ScadeModels/EvsLogicManager.xscade,38119,2591,18/12/2016 15:46:53,3681A02-10
HUDManager/FailuresManager/ScadeModels/FailuresManager.xscade,37858,14319753,07/12/2016 17:15:07,3681A02-09
HUDManager/FlightManager/ScadeModels/CalculateSpeedLimitScale.ann,38348,4079,03/01/2017 11:17:11,3681A02-10
HUDManager/FlightManager/ScadeModels/CalculateSpeedLimitScale.xscade,39558,199459,26/02/2017 11:17:21,TRUNK
HUDManager/FlightManager/ScadeModels/DoHudGeneralLogic.ann,38348,2559,03/01/2017 11:17:11,3681A02-10
HUDManager/FlightManager/ScadeModels/DoHudGeneralLogic.xscade,39558,103733,26/02/2017 11:17:21,TRUNK
HUDManager/GlobalBrightnessManager/ScadeModels/AlsConversionFuncAutoMode.ann,38636,1581,19/01/2017 06:46:25,3681A02-12
HUDManager/GlobalBrightnessManager/ScadeModels/AlsConversionFuncAutoMode.xscade,38636,99013,19/01/2017 06:46:25,3681A02-12
HUDManager/GlobalBrightnessManager/ScadeModels/AlsConversionFuncHighZone.xscade,38636,24747,19/01/2017 06:46:25,3681A02-12
HUDManager/GlobalBrightnessManager/ScadeModels/AlsConversionFuncLowZone.ann,38551,139,17/01/2017 10:58:55,3681A02-11
HUDManager/GlobalBrightnessManager/ScadeModels/AlsConversionFuncLowZone.xscade,38636,24741,19/01/2017 06:46:25,3681A02-12
HUDManager/GlobalBrightnessManager/ScadeModels/AlsConversionFuncManualMode.ann,38551,1280,17/01/2017 10:58:55,3681A02-11
HUDManager/GlobalBrightnessManager/ScadeModels/AlsConversionFuncManualMode.xscade,38636,43520,19/01/2017 06:46:25,3681A02-12
HUDManager/GlobalBrightnessManager/ScadeModels/AlsToOhuCmd.ann,38551,1424,17/01/2017 10:58:55,3681A02-11
HUDManager/GlobalBrightnessManager/ScadeModels/AlsToOhuCmd.xscade,38636,21875,19/01/2017 06:46:25,3681A02-12
HUDManager/GlobalBrightnessManager/ScadeModels/CheckFLSData.ann,38551,2016,17/01/2017 10:58:55,3681A02-11
HUDManager/GlobalBrightnessManager/ScadeModels/CheckFLSData.xscade,38551,30031,17/01/2017 10:58:55,3681A02-11
HUDManager/GlobalBrightnessManager/ScadeModels/CheckOhuRange.ann,38551,1287,17/01/2017 10:58:55,3681A02-11
HUDManager/GlobalBrightnessManager/ScadeModels/CheckOhuRange.xscade,38551,12524,17/01/2017 10:58:55,3681A02-11
HUDManager/GlobalBrightnessManager/ScadeModels/DefineAParamHighZone.xscade,38551,31216,17/01/2017 10:58:55,3681A02-11
HUDManager/GlobalBrightnessManager/ScadeModels/DefineAParamLowZone.xscade,38551,31311,17/01/2017 10:58:55,3681A02-11
HUDManager/GlobalBrightnessManager/ScadeModels/DetermineGlobalBrightness.ann,38551,4317,17/01/2017 10:58:55,3681A02-11
HUDManager/GlobalBrightnessManager/ScadeModels/DetermineGlobalBrightness.xscade,38636,113602,19/01/2017 06:46:25,3681A02-12
HUDManager/GlobalBrightnessManager/ScadeModels/GlobalBrightnessManager.xscade,38636,25964,19/01/2017 06:46:25,3681A02-12
HUDManager/GlobalBrightnessManager/ScadeModels/OffsetUpdate.ann,38551,1251,17/01/2017 10:58:55,3681A02-11
HUDManager/GlobalBrightnessManager/ScadeModels/OffsetUpdate.xscade,38636,47785,19/01/2017 06:46:25,3681A02-12
HUDManager/HudLogicManager/ScadeModels/CalculateHudConfirm.ann,37446,1877,20/11/2016 12:45:02,3681A02-08
HUDManager/HudLogicManager/ScadeModels/CalculateHudConfirm.xscade,37458,36436,21/11/2016 12:40:24,3681A02-08
HUDManager/HudLogicManager/ScadeModels/DoHudGeneralLogic.ann,38348,2635,03/01/2017 11:17:11,3681A02-10
HUDManager/HudLogicManager/ScadeModels/DoHudGeneralLogic.xscade,38348,67183,03/01/2017 11:17:11,3681A02-10
HUDManager/HudLogicManager/ScadeModels/DoHudLogic.xscade,38119,187919,18/12/2016 15:46:53,3681A02-10
HUDManager/HudOutputManager/ScadeModels/DoHudEvsOutput.xscade,38119,48339,18/12/2016 15:46:53,3681A02-10
HUDManager/HudOutputManager/ScadeModels/DoHudMauOutput.xscade,38557,427443,17/01/2017 15:38:54,3681A02-11
HUDManager/HudOutputManager/ScadeModels/DoHudVideoOutput.xscade,39021,44038,07/02/2017 06:49:53,3681A02-13
HUDManager/ScadeModels/HUDManager.xscade,39660,223919,05/03/2017 10:42:27,TRUNK
HUDManager/ScadeModels/SetAndGetDbBool.xscade,38554,9637,17/01/2017 14:06:05,3681A02-11
HUDManager/ScadeModels/SetAndGetDbFloat.xscade,38554,9571,17/01/2017 14:06:05,3681A02-11
HUDManager/ScadeModels/SetAndGetDbInt.xscade,38554,9657,17/01/2017 14:06:05,3681A02-11
HUDManager/StatesModesManager/ScadeModels/DoExtendedInitialization.xscade,38348,192815,03/01/2017 11:17:11,3681A02-10
HUDManager/StatesModesManager/ScadeModels/DoInitialization.xscade,38348,356048,03/01/2017 11:17:11,3681A02-10
HUDManager/StatesModesManager/ScadeModels/DoMaintenanceAlignEvs.ann,38333,4319,28/12/2016 13:18:02,3681A02-10
HUDManager/StatesModesManager/ScadeModels/DoMaintenanceAlignEvs.xscade,38551,278415,17/01/2017 10:58:55,3681A02-11
HUDManager/StatesModesManager/ScadeModels/DoMaintenanceAlignHud.xscade,38551,244939,17/01/2017 10:58:55,3681A02-11
HUDManager/StatesModesManager/ScadeModels/DoMaintenanceLoader.xscade,38333,123553,28/12/2016 13:18:02,3681A02-10
HUDManager/StatesModesManager/ScadeModels/DoNormal.ann,38348,5818,03/01/2017 11:17:11,3681A02-10
HUDManager/StatesModesManager/ScadeModels/DoNormal.xscade,38551,355233,17/01/2017 10:58:55,3681A02-11
HUDManager/StatesModesManager/ScadeModels/DoOperationalState.xscade,38348,117832,03/01/2017 11:17:11,3681A02-10
HUDManager/StatesModesManager/ScadeModels/DoSTBY.ann,38348,5283,03/01/2017 11:17:11,3681A02-10
HUDManager/StatesModesManager/ScadeModels/DoSTBY.xscade,38348,280746,03/01/2017 11:17:11,3681A02-10
HUDManager/StatesModesManager/ScadeModels/StatesModesManager.xscade,38119,43463,18/12/2016 15:46:53,3681A02-10
HUDManager/SvsLogicManager/ScadeModels/DetermineSvsLayersVisibility.ann,39882,6092,14/03/2017 20:22:03,TRUNK
HUDManager/SvsLogicManager/ScadeModels/DetermineSvsLayersVisibility.xscade,39882,199373,14/03/2017 20:22:03,TRUNK
HUDManager/TestsManager/ScadeModels/PerformSr2MonitoringScrubTest.xscade,39528,49195,23/02/2017 13:10:53,TRUNK
HUDManager/VideoLogic/ScadeModels/DoVideoLogic.ann,38966,2195,01/02/2017 10:45:28,3681A02-13
HUDManager/VideoLogic/ScadeModels/DoVideoLogic.xscade,38966,104562,01/02/2017 10:45:28,3681A02-13
HUDManager/hudDataBase.c,39660,230695,05/03/2017 10:42:27,TRUNK
HUDManager/hudManager.c,38637,35363,19/01/2017 06:50:20,3681A02-12
HUDManager/hudVersionManager.h,39722,2506,08/03/2017 14:29:20,TRUNK
LDRA/qr_h_excludes.dat,40058,5742,22/03/2017 11:38:41,TRUNK
LDRA/sysearch.dat,39562,12016,26/02/2017 13:07:24,TRUNK
LDRA/sysppvar.dat,40058,41394,22/03/2017 11:38:41,TRUNK
MAUManager/ScadeModels/CalculateMauPrimaryData.ann,39841,11511,12/03/2017 14:51:26,TRUNK
MAUManager/ScadeModels/CalculateMauPrimaryData.xscade,39841,37321,12/03/2017 14:51:26,TRUNK
MAUManager/ScadeModels/F2000.xscade,39697,702940,07/03/2017 16:44:01,TRUNK
MAUManager/ScadeModels/F5X.xscade,39697,702094,07/03/2017 16:44:01,TRUNK
MAUManager/ScadeModels/F7X.xscade,39697,729480,07/03/2017 16:44:01,TRUNK
MAUManager/ScadeModels/F900.xscade,39697,702499,07/03/2017 16:44:01,TRUNK
MAUManager/ScadeModels/MAUManager.xscade,38557,674329,17/01/2017 15:38:54,3681A02-11
MAUManager/ScadeModels/WriteMauA429LabelsOut.ann,38648,23191,19/01/2017 11:27:28,3681A02-12
MAUManager/ScadeModels/WriteMauA429LabelsOut.xscade,38648,914686,19/01/2017 11:27:28,3681A02-12
MAUManager/mauA429ParserConfig.c,39697,91023,07/03/2017 16:44:01,TRUNK
MAUManager/mauDataHandler.c,40058,6212,22/03/2017 11:38:41,TRUNK
MAUManager/mauDataHandler.h,39697,3639,07/03/2017 16:44:01,TRUNK
OFP_SR1.err,39660,492,05/03/2017 10:42:27,TRUNK
OFP_SR1.etp,38639,145263,19/01/2017 07:08:09,3681A02-12
OFP_SR1.htm,39660,6059,05/03/2017 10:42:27,TRUNK
OFP_SR1.rtf,39722,9693474,08/03/2017 14:29:20,TRUNK
OHUManager/ScadeModels/CalculateAlsValidity.xscade,38551,69720,17/01/2017 10:58:55,3681A02-11
OHUManager/ScadeModels/HandleOhuData.ann,38551,6497,17/01/2017 10:58:55,3681A02-11
OHUManager/ScadeModels/HandleOhuData.xscade,38551,564436,17/01/2017 10:58:55,3681A02-11
OHUManager/ScadeModels/OHUManager.xscade,38552,144574,17/01/2017 11:38:06,3681A02-11
OHUManager/ScadeModels/SetOhu818OutData.xscade,37364,1417,17/11/2016 06:32:34,3681A02-08
OHUManager/ScadeModels/SetOhuOutData.ann,38966,6081,01/02/2017 10:45:28,3681A02-13
OHUManager/ScadeModels/SetOhuOutData.xscade,38966,187202,01/02/2017 10:45:28,3681A02-13
OHUManager/ohuScadeAdaptor.c,37364,3697,17/11/2016 06:32:34,3681A02-08
ProjectMake/Makefile.OFP_SR1,37364,9827,17/11/2016 06:32:34,3681A02-08
ProjectMake/OFP_SR1.xml,38551,8153,17/01/2017 10:58:55,3681A02-11
SCADE_GENERATOR_AND_REPORTER.bat,38377,65,08/01/2017 12:47:47,3681A02-10
SCADE_KCG_OFP_SR1.bat,37889,3537,08/12/2016 14:41:23,3681A02-09
SR2Manager/ScadeModels/PrepareOutData.ann,39660,6208,05/03/2017 10:42:27,TRUNK
SR2Manager/ScadeModels/PrepareOutData.xscade,39660,600218,05/03/2017 10:42:27,TRUNK
SR2Manager/ScadeModels/SR2DoPeriodic.ann,38966,3003,01/02/2017 10:45:28,3681A02-13
SR2Manager/ScadeModels/SR2DoPeriodic.xscade,38966,111192,01/02/2017 10:45:28,3681A02-13
SVSManager/ScadeModels/SVSManager.xscade,37133,199784,07/11/2016 13:29:01,3681A02-07
SVSManager/ScadeModels/SetSvsOutData.ann,37157,5436,08/11/2016 11:30:59,3681A02-07
SVSManager/ScadeModels/SetSvsOutData.xscade,37157,197733,08/11/2016 11:30:59,3681A02-07
VideoManager/ScadeModels/HandleVideoData.ann,38966,2333,01/02/2017 10:45:28,3681A02-13
VideoManager/ScadeModels/HandleVideoData.xscade,38966,23918,01/02/2017 10:45:28,3681A02-13
VideoManager/ScadeModels/SetVideoChannelsState.ann,38993,1961,06/02/2017 11:32:04,3681A02-13
VideoManager/ScadeModels/SetVideoChannelsState.xscade,38993,35072,06/02/2017 11:32:04,3681A02-13
VideoManager/ScadeModels/SetVideoOutData.ann,38993,3148,06/02/2017 11:32:04,3681A02-13
VideoManager/ScadeModels/SetVideoOutData.xscade,38993,50252,06/02/2017 11:32:04,3681A02-13
VideoManager/ScadeModels/VIDEOManager.xscade,38993,367455,06/02/2017 11:32:04,3681A02-13
kcg.log,38119,4603,18/12/2016 15:46:53,3681A02-10
scadeGenerationReport.txt,38307,14879,26/12/2016 14:03:03,3681A02-10
